{
    "total": 7,
    "pageSize": 100,
    "page": 1,
    "orders": [
        {
            "_id": "5ee83e3c4e54fd0007cd1eb8",
            "currency": "AUD",
            "financialStatus": "free",
            "businessPurpose": false,
            "paymentGateway": "bpoint",
            "manualOrder": false,
            "orderName": "OEDDUFSD",
            "clientDonation": 0,
            "status": "complete",
            "incompleteAt": "2020-06-16T03:58:28.967Z",
            "eventId": "5ee71c2bc42165000727beeb",
            "eventDateId": "5ee71c2bc42165000727beea",
            "additionalFields": [
                {
                    "questionId": "5d19a5590ff15e0010270834",
                    "value": "None"
                }
            ],
            "createdAt": "2020-06-16T03:36:28.969Z",
            "updatedAt": "2023-02-26T08:56:04.103Z",
            "location": "AU",
            "email": "jmercado@atlassian.com",
            "firstName": "Jessica",
            "lastName": "Mercado",
            "mobile": "0413615855",
            "completedAt": "2020-06-16T03:36:54.586Z",
            "purchaseTotals": {
                "subtotal": 0,
                "amexFee": 0,
                "bookingFee": 0,
                "passedOnFee": 0,
                "absorbedFee": 0,
                "clientDonation": 0,
                "donation": 0,
                "dgrDonation": 0,
                "rebates": 0,
                "giftCardCredit": 0,
                "credit": 0,
                "feesIncluded": true,
                "bookingTaxes": 0,
                "passedOnTaxes": 0,
                "taxes": 0,
                "totalTaxes": 0,
                "discounts": 0,
                "refunds": 0,
                "netSales": 0,
                "grossSales": 0,
                "total": 0,
                "humanitixFee": 0,
                "netClientDonation": 0
            },
            "totals": {
                "subtotal": 0,
                "amexFee": 0,
                "bookingFee": 0,
                "passedOnFee": 0,
                "absorbedFee": 0,
                "clientDonation": 0,
                "donation": 0,
                "dgrDonation": 0,
                "rebates": 0,
                "giftCardCredit": 0,
                "credit": 0,
                "feesIncluded": true,
                "bookingTaxes": 0,
                "passedOnTaxes": 0,
                "taxes": 0,
                "totalTaxes": 0,
                "discounts": 0,
                "refunds": 0,
                "netSales": 0,
                "grossSales": 0,
                "total": 0,
                "humanitixFee": 0,
                "netClientDonation": 0
            },
            "salesChannel": "online"
        },
        {
            "_id": "5ee82f4d37510b00070b76b7",
            "currency": "AUD",
            "financialStatus": "free",
            "businessPurpose": false,
            "paymentGateway": "bpoint",
            "manualOrder": false,
            "orderName": "OCEIWVVU",
            "clientDonation": 0,
            "status": "complete",
            "incompleteAt": "2020-06-16T02:54:45.796Z",
            "eventId": "5ee71c2bc42165000727beeb",
            "eventDateId": "5ee71c2bc42165000727beea",
            "additionalFields": [
                {
                    "questionId": "5d19a5590ff15e0010270834",
                    "value": "None"
                }
            ],
            "createdAt": "2020-06-16T02:32:45.798Z",
            "updatedAt": "2023-02-26T08:55:14.423Z",
            "location": "AU",
            "email": "rdnetto@atlassian.com",
            "firstName": "Renee",
            "lastName": "D'Netto",
            "mobile": "0403873981",
            "completedAt": "2020-06-16T02:32:58.323Z",
            "purchaseTotals": {
                "subtotal": 0,
                "amexFee": 0,
                "bookingFee": 0,
                "passedOnFee": 0,
                "absorbedFee": 0,
                "clientDonation": 0,
                "donation": 0,
                "dgrDonation": 0,
                "rebates": 0,
                "giftCardCredit": 0,
                "credit": 0,
                "feesIncluded": true,
                "bookingTaxes": 0,
                "passedOnTaxes": 0,
                "taxes": 0,
                "totalTaxes": 0,
                "discounts": 0,
                "refunds": 0,
                "netSales": 0,
                "grossSales": 0,
                "total": 0,
                "humanitixFee": 0,
                "netClientDonation": 0
            },
            "totals": {
                "subtotal": 0,
                "amexFee": 0,
                "bookingFee": 0,
                "passedOnFee": 0,
                "absorbedFee": 0,
                "clientDonation": 0,
                "donation": 0,
                "dgrDonation": 0,
                "rebates": 0,
                "giftCardCredit": 0,
                "credit": 0,
                "feesIncluded": true,
                "bookingTaxes": 0,
                "passedOnTaxes": 0,
                "taxes": 0,
                "totalTaxes": 0,
                "discounts": 0,
                "refunds": 0,
                "netSales": 0,
                "grossSales": 0,
                "total": 0,
                "humanitixFee": 0,
                "netClientDonation": 0
            },
            "salesChannel": "online"
        },
        {
            "_id": "5ee80d882541a60007e385eb",
            "currency": "AUD",
            "financialStatus": "free",
            "businessPurpose": false,
            "paymentGateway": "bpoint",
            "manualOrder": false,
            "orderName": "8VNT51EK",
            "clientDonation": 0,
            "status": "complete",
            "incompleteAt": "2020-06-16T00:30:40.672Z",
            "eventId": "5ee71c2bc42165000727beeb",
            "eventDateId": "5ee71c2bc42165000727beea",
            "additionalFields": [
                {
                    "questionId": "5d19a5590ff15e0010270834",
                    "value": "None"
                }
            ],
            "createdAt": "2020-06-16T00:08:40.674Z",
            "updatedAt": "2023-02-26T08:54:04.705Z",
            "location": "AU",
            "email": "bbarclay@atlassian.com",
            "firstName": "Ben",
            "lastName": "Barclay",
            "mobile": "123456788923",
            "completedAt": "2020-06-16T00:09:01.232Z",
            "purchaseTotals": {
                "subtotal": 0,
                "amexFee": 0,
                "bookingFee": 0,
                "passedOnFee": 0,
                "absorbedFee": 0,
                "clientDonation": 0,
                "donation": 0,
                "dgrDonation": 0,
                "rebates": 0,
                "giftCardCredit": 0,
                "credit": 0,
                "feesIncluded": true,
                "bookingTaxes": 0,
                "passedOnTaxes": 0,
                "taxes": 0,
                "totalTaxes": 0,
                "discounts": 0,
                "refunds": 0,
                "netSales": 0,
                "grossSales": 0,
                "total": 0,
                "humanitixFee": 0,
                "netClientDonation": 0
            },
            "totals": {
                "subtotal": 0,
                "amexFee": 0,
                "bookingFee": 0,
                "passedOnFee": 0,
                "absorbedFee": 0,
                "clientDonation": 0,
                "donation": 0,
                "dgrDonation": 0,
                "rebates": 0,
                "giftCardCredit": 0,
                "credit": 0,
                "feesIncluded": true,
                "bookingTaxes": 0,
                "passedOnTaxes": 0,
                "taxes": 0,
                "totalTaxes": 0,
                "discounts": 0,
                "refunds": 0,
                "netSales": 0,
                "grossSales": 0,
                "total": 0,
                "humanitixFee": 0,
                "netClientDonation": 0
            },
            "salesChannel": "online"
        },
        {
            "_id": "5ee723ef4b43ae00074ce565",
            "currency": "AUD",
            "financialStatus": "free",
            "businessPurpose": false,
            "paymentGateway": "bpoint",
            "manualOrder": false,
            "orderName": "4WOUHKMF",
            "clientDonation": 0,
            "status": "complete",
            "incompleteAt": "2020-06-15T07:53:59.830Z",
            "eventId": "5ee71c2bc42165000727beeb",
            "eventDateId": "5ee71c2bc42165000727beea",
            "additionalFields": [
                {
                    "questionId": "5d19a5590ff15e0010270834",
                    "value": "None"
                }
            ],
            "createdAt": "2020-06-15T07:31:59.833Z",
            "updatedAt": "2023-02-26T08:51:27.297Z",
            "location": "AU",
            "email": "agoldthorpe@atlassian.com",
            "firstName": "Aidan",
            "lastName": "Goldthorpe",
            "mobile": "0449663180",
            "completedAt": "2020-06-15T07:32:19.822Z",
            "purchaseTotals": {
                "subtotal": 0,
                "amexFee": 0,
                "bookingFee": 0,
                "passedOnFee": 0,
                "absorbedFee": 0,
                "clientDonation": 0,
                "donation": 0,
                "dgrDonation": 0,
                "rebates": 0,
                "giftCardCredit": 0,
                "credit": 0,
                "feesIncluded": true,
                "bookingTaxes": 0,
                "passedOnTaxes": 0,
                "taxes": 0,
                "totalTaxes": 0,
                "discounts": 0,
                "refunds": 0,
                "netSales": 0,
                "grossSales": 0,
                "total": 0,
                "humanitixFee": 0,
                "netClientDonation": 0
            },
            "totals": {
                "subtotal": 0,
                "amexFee": 0,
                "bookingFee": 0,
                "passedOnFee": 0,
                "absorbedFee": 0,
                "clientDonation": 0,
                "donation": 0,
                "dgrDonation": 0,
                "rebates": 0,
                "giftCardCredit": 0,
                "credit": 0,
                "feesIncluded": true,
                "bookingTaxes": 0,
                "passedOnTaxes": 0,
                "taxes": 0,
                "totalTaxes": 0,
                "discounts": 0,
                "refunds": 0,
                "netSales": 0,
                "grossSales": 0,
                "total": 0,
                "humanitixFee": 0,
                "netClientDonation": 0
            },
            "salesChannel": "online"
        },
        {
            "_id": "5ee72297078fde0007d82ed2",
            "currency": "AUD",
            "financialStatus": "free",
            "businessPurpose": false,
            "paymentGateway": "bpoint",
            "manualOrder": false,
            "orderName": "L8R6L72F",
            "clientDonation": 0,
            "status": "complete",
            "incompleteAt": "2020-06-15T07:48:15.870Z",
            "eventId": "5ee71c2bc42165000727beeb",
            "eventDateId": "5ee71c2bc42165000727beea",
            "additionalFields": [
                {
                    "questionId": "5d19a5590ff15e0010270834",
                    "value": "None"
                }
            ],
            "createdAt": "2020-06-15T07:26:15.876Z",
            "updatedAt": "2023-02-26T08:51:25.925Z",
            "location": "AU",
            "email": "mkemp@atlassian.com",
            "firstName": "Michael",
            "lastName": "Kemp",
            "mobile": "0481161595",
            "completedAt": "2020-06-15T07:26:31.834Z",
            "purchaseTotals": {
                "subtotal": 0,
                "amexFee": 0,
                "bookingFee": 0,
                "passedOnFee": 0,
                "absorbedFee": 0,
                "clientDonation": 0,
                "donation": 0,
                "dgrDonation": 0,
                "rebates": 0,
                "giftCardCredit": 0,
                "credit": 0,
                "feesIncluded": true,
                "bookingTaxes": 0,
                "passedOnTaxes": 0,
                "taxes": 0,
                "totalTaxes": 0,
                "discounts": 0,
                "refunds": 0,
                "netSales": 0,
                "grossSales": 0,
                "total": 0,
                "humanitixFee": 0,
                "netClientDonation": 0
            },
            "totals": {
                "subtotal": 0,
                "amexFee": 0,
                "bookingFee": 0,
                "passedOnFee": 0,
                "absorbedFee": 0,
                "clientDonation": 0,
                "donation": 0,
                "dgrDonation": 0,
                "rebates": 0,
                "giftCardCredit": 0,
                "credit": 0,
                "feesIncluded": true,
                "bookingTaxes": 0,
                "passedOnTaxes": 0,
                "taxes": 0,
                "totalTaxes": 0,
                "discounts": 0,
                "refunds": 0,
                "netSales": 0,
                "grossSales": 0,
                "total": 0,
                "humanitixFee": 0,
                "netClientDonation": 0
            },
            "salesChannel": "online"
        },
        {
            "_id": "5ee7216f1b5a0c0007c08b8d",
            "currency": "AUD",
            "financialStatus": "free",
            "businessPurpose": false,
            "paymentGateway": "bpoint",
            "manualOrder": false,
            "orderName": "66II1MW3",
            "clientDonation": 0,
            "status": "complete",
            "incompleteAt": "2020-06-15T07:43:19.076Z",
            "eventId": "5ee71c2bc42165000727beeb",
            "eventDateId": "5ee71c2bc42165000727beea",
            "additionalFields": [
                {
                    "questionId": "5d19a5590ff15e0010270834",
                    "value": "None"
                }
            ],
            "createdAt": "2020-06-15T07:21:19.078Z",
            "updatedAt": "2023-02-26T08:51:24.952Z",
            "location": "AU",
            "email": "acarlton@atlassian.com",
            "firstName": "Alexandre",
            "lastName": "Carlton",
            "mobile": "0412 345 678",
            "completedAt": "2020-06-15T07:21:57.783Z",
            "purchaseTotals": {
                "subtotal": 0,
                "amexFee": 0,
                "bookingFee": 0,
                "passedOnFee": 0,
                "absorbedFee": 0,
                "clientDonation": 0,
                "donation": 0,
                "dgrDonation": 0,
                "rebates": 0,
                "giftCardCredit": 0,
                "credit": 0,
                "feesIncluded": true,
                "bookingTaxes": 0,
                "passedOnTaxes": 0,
                "taxes": 0,
                "totalTaxes": 0,
                "discounts": 0,
                "refunds": 0,
                "netSales": 0,
                "grossSales": 0,
                "total": 0,
                "humanitixFee": 0,
                "netClientDonation": 0
            },
            "totals": {
                "subtotal": 0,
                "amexFee": 0,
                "bookingFee": 0,
                "passedOnFee": 0,
                "absorbedFee": 0,
                "clientDonation": 0,
                "donation": 0,
                "dgrDonation": 0,
                "rebates": 0,
                "giftCardCredit": 0,
                "credit": 0,
                "feesIncluded": true,
                "bookingTaxes": 0,
                "passedOnTaxes": 0,
                "taxes": 0,
                "totalTaxes": 0,
                "discounts": 0,
                "refunds": 0,
                "netSales": 0,
                "grossSales": 0,
                "total": 0,
                "humanitixFee": 0,
                "netClientDonation": 0
            },
            "salesChannel": "online"
        },
        {
            "_id": "5ee721581b5a0c0007c08a9d",
            "currency": "AUD",
            "financialStatus": "free",
            "businessPurpose": false,
            "paymentGateway": "bpoint",
            "manualOrder": false,
            "orderName": "VBN7CXPD",
            "clientDonation": 0,
            "status": "complete",
            "incompleteAt": "2020-06-15T07:42:56.833Z",
            "eventId": "5ee71c2bc42165000727beeb",
            "eventDateId": "5ee71c2bc42165000727beea",
            "additionalFields": [
                {
                    "questionId": "5d19a5590ff15e0010270834",
                    "value": "None"
                }
            ],
            "createdAt": "2020-06-15T07:20:56.835Z",
            "updatedAt": "2023-02-26T08:51:24.366Z",
            "location": "AU",
            "email": "jspearritt@atlassian.com",
            "firstName": "Joseph",
            "lastName": "Spearritt",
            "mobile": "0422655246",
            "completedAt": "2020-06-15T07:21:12.684Z",
            "purchaseTotals": {
                "subtotal": 0,
                "amexFee": 0,
                "bookingFee": 0,
                "passedOnFee": 0,
                "absorbedFee": 0,
                "clientDonation": 0,
                "donation": 0,
                "dgrDonation": 0,
                "rebates": 0,
                "giftCardCredit": 0,
                "credit": 0,
                "feesIncluded": true,
                "bookingTaxes": 0,
                "passedOnTaxes": 0,
                "taxes": 0,
                "totalTaxes": 0,
                "discounts": 0,
                "refunds": 0,
                "netSales": 0,
                "grossSales": 0,
                "total": 0,
                "humanitixFee": 0,
                "netClientDonation": 0
            },
            "totals": {
                "subtotal": 0,
                "amexFee": 0,
                "bookingFee": 0,
                "passedOnFee": 0,
                "absorbedFee": 0,
                "clientDonation": 0,
                "donation": 0,
                "dgrDonation": 0,
                "rebates": 0,
                "giftCardCredit": 0,
                "credit": 0,
                "feesIncluded": true,
                "bookingTaxes": 0,
                "passedOnTaxes": 0,
                "taxes": 0,
                "totalTaxes": 0,
                "discounts": 0,
                "refunds": 0,
                "netSales": 0,
                "grossSales": 0,
                "total": 0,
                "humanitixFee": 0,
                "netClientDonation": 0
            },
            "salesChannel": "online"
        }
    ]
}